asset_id,proposed_path,type,owner_or_source,status,licence_and_notes
milo_all_animations,js/art/characters.js,procedural_vector,Original (code-drawn during hackathon),IMPLEMENTED,Original mouse design; idle/walk/run x4 directions; talk; wave; point; think; celebrate; carry; emotions
cast_maple_sunny_sprout_students_player,js/art/characters.js,procedural_vector,Original (code-drawn),IMPLEMENTED,Player avatar has skin/hair/hijab/shirt options
school_world_garden_canteen_lab_maze,js/art/world.js,procedural_vector,Original (code-drawn),IMPLEMENTED,Visuals change with world state (garden health; tank; litter; improvements)
waste_items,js/art/items.js,procedural_vector,Original (code-drawn),IMPLEMENTED,18 items used in maze; audit and assessment
music_6_tracks,js/core/audio.js,synthesised_audio,Original composition (note data + Web Audio),IMPLEMENTED,No samples
sfx_23,js/core/audio.js,synthesised_audio,Original (Web Audio),IMPLEMENTED,No samples
voices_browser_tts,js/core/audio.js,browser_speech_synthesis,User's browser/OS voices,IMPLEMENTED,Distinct pitch/rate/voice per character; subtitles always on
voices_recorded,assets/voices/<lineId>.mp3,audio,ElevenLabs licensed/custom (optional),NOT_PROVIDED,Hook ready via WW.data.voiceClips; never put API keys in browser code
fonts_fredoka_nunito,Google Fonts link in index.html,font,Google Fonts,OPTIONAL,SIL Open Font License 1.1; system-font fallback offline
